Equipo,Goles Marcados Local,Goles Marcados Visitante,Goles Recibidos Local,Goles Recibidos Visitante
Napoles,7,7,7,9
Real Sociedad,5,3,3,0
Copenhague,7,2,7,3
Dortmund,19,15,12,19
Real Madrid,43,24,24,24
Manchester City,47,38,17,13
Leipzig,27,20,21,29
PSV,5,4,4,11
Barcelona,32,22,28,10
Inter,10,20,12,21
Lazio,12,9,13,16
Arsenal,16,5,0,5
PSG,42,39,13,32
Atletico Madrid,24,15,8,12
Bayern,23,28,13,10
Porto,14,18,8,15
